[
    {
        "name": "Alpha Strike",
        "stance": "0",
        "cost": "20",
        "targetAllies": "0",
        "targetAll": "0",
        "powModifier": "1",
        "effect": "0",
        "effectDuration": "0",
        "effectPowModifier": "0",
        "description": "Deal Alpha damage"
    },
    {
        "name": "Beta Strike",
        "stance": "1",
        "cost": "20",
        "targetAllies": "0",
        "targetAll": "0",
        "powModifier": "1",
        "effect": "0",
        "effectDuration": "0",
        "effectPowModifier": "0",
        "description": "Deal Beta damage"
    },
    {
        "name": "Gamma Strike",
        "stance": "2",
        "cost": "20",
        "targetAllies": "0",
        "targetAll": "0",
        "powModifier": "1",
        "effect": "0",
        "effectDuration": "0",
        "effectPowModifier": "0",
        "description": "Deal Gamma damage"
    },
    {
        "name": "Alpha Blast",
        "stance": "0",
        "cost": "50",
        "targetAllies": "0",
        "targetAll": "0",
        "powModifier": "3",
        "effect": "0",
        "effectDuration": "0",
        "effectPowModifier": "0",
        "description": "Deal heavy Alpha damage"
    },
    {
        "name": "Beta Blast",
        "stance": "1",
        "cost": "50",
        "targetAllies": "0",
        "targetAll": "0",
        "powModifier": "3",
        "effect": "0",
        "effectDuration": "0",
        "effectPowModifier": "0",
        "description": "Deal heavy Beta damage"
    },
    {
        "name": "Gamma Blast",
        "stance": "2",
        "cost": "50",
        "targetAllies": "0",
        "targetAll": "0",
        "powModifier": "3",
        "effect": "0",
        "effectDuration": "0",
        "effectPowModifier": "0",
        "description": "Deal heavy Gamma damage"
    },
    {
        "name": "Alpha Poison",
        "stance": "0",
        "cost": "30",
        "targetAllies": "0",
        "targetAll": "0",
        "powModifier": "0",
        "effect": "13",
        "effectDuration": "3",
        "effectPowModifier": "0",
        "description": "Inflict Alpha poison"
    },
    {
        "name": "Beta Poison",
        "stance": "1",
        "cost": "30",
        "targetAllies": "0",
        "targetAll": "0",
        "powModifier": "0",
        "effect": "14",
        "effectDuration": "3",
        "effectPowModifier": "0",
        "description": "Inflict Beta poison"
    },
    {
        "name": "Gamma Poison",
        "stance": "2",
        "cost": "30",
        "targetAllies": "0",
        "targetAll": "0",
        "powModifier": "0",
        "effect": "15",
        "effectDuration": "3",
        "effectPowModifier": "0",
        "description": "Inflict Gamma poison"
    },
    {
        "name": "Alpha Push",
        "stance": "0",
        "cost": "10",
        "targetAllies": "0",
        "targetAll": "0",
        "powModifier": "0",
        "effect": "9",
        "effectDuration": "0",
        "effectPowModifier": "0",
        "description": "Force target foe to Alpha stance"
    },
    {
        "name": "Beta Push",
        "stance": "1",
        "cost": "10",
        "targetAllies": "0",
        "targetAll": "0",
        "powModifier": "0",
        "effect": "10",
        "effectDuration": "0",
        "effectPowModifier": "0",
        "description": "Force target foe to Beta stance"
    },
    {
        "name": "Gamma Push",
        "stance": "2",
        "cost": "10",
        "targetAllies": "0",
        "targetAll": "0",
        "powModifier": "0",
        "effect": "11",
        "effectDuration": "0",
        "effectPowModifier": "0",
        "description": "Force target foe to Gamma stance"
    },
    {
        "name": "Alpha Wave",
        "stance": "0",
        "cost": "20",
        "targetAllies": "0",
        "targetAll": "1",
        "powModifier": "0",
        "effect": "9",
        "effectDuration": "0",
        "effectPowModifier": "0",
        "description": "Force all foes to Alpha stance"
    },
    {
        "name": "Beta Wave",
        "stance": "1",
        "cost": "20",
        "targetAllies": "0",
        "targetAll": "1",
        "powModifier": "0",
        "effect": "10",
        "effectDuration": "0",
        "effectPowModifier": "0",
        "description": "Force all foes to Beta stance"
    },
    {
        "name": "Gamma Wave",
        "stance": "2",
        "cost": "20",
        "targetAllies": "0",
        "targetAll": "1",
        "powModifier": "0",
        "effect": "11",
        "effectDuration": "0",
        "effectPowModifier": "0",
        "description": "Force all foes to Gamma stance"
    },
    {
        "name": "Allied Alpha Push",
        "stance": "0",
        "cost": "10",
        "targetAllies": "1",
        "targetAll": "0",
        "powModifier": "0",
        "effect": "9",
        "effectDuration": "0",
        "effectPowModifier": "0",
        "description": "Force target ally to Alpha stance"
    },
    {
        "name": "Allied Beta Push",
        "stance": "1",
        "cost": "10",
        "targetAllies": "1",
        "targetAll": "0",
        "powModifier": "0",
        "effect": "10",
        "effectDuration": "0",
        "effectPowModifier": "0",
        "description": "Force target ally to Beta stance"
    },
    {
        "name": "Allied Gamma Push",
        "stance": "2",
        "cost": "10",
        "targetAllies": "1",
        "targetAll": "0",
        "powModifier": "0",
        "effect": "11",
        "effectDuration": "0",
        "effectPowModifier": "0",
        "description": "Force target ally to Gamma stance"
    },
    {
        "name": "Allied Alpha Wave",
        "stance": "0",
        "cost": "20",
        "targetAllies": "1",
        "targetAll": "1",
        "powModifier": "0",
        "effect": "9",
        "effectDuration": "0",
        "effectPowModifier": "0",
        "description": "Force all allies to Alpha stance"
    },
    {
        "name": "Allied Beta Wave",
        "stance": "1",
        "cost": "20",
        "targetAllies": "1",
        "targetAll": "1",
        "powModifier": "0",
        "effect": "10",
        "effectDuration": "0",
        "effectPowModifier": "0",
        "description": "Force all allies to Beta stance"
    },
    {
        "name": "Allied Gamma Wave",
        "stance": "2",
        "cost": "20",
        "targetAllies": "1",
        "targetAll": "1",
        "powModifier": "0",
        "effect": "11",
        "effectDuration": "0",
        "effectPowModifier": "0",
        "description": "Force all allies to Gamma stance"
    },
    {
        "name": "Alpha Slash",
        "stance": "0",
        "cost": "50",
        "targetAllies": "0",
        "targetAll": "1",
        "powModifier": "1",
        "effect": "0",
        "effectDuration": "0",
        "effectPowModifier": "0",
        "description": "Deal Alpha damage to all foes"
    },
    {
        "name": "Beta Slash",
        "stance": "1",
        "cost": "50",
        "targetAllies": "0",
        "targetAll": "1",
        "powModifier": "1",
        "effect": "0",
        "effectDuration": "0",
        "effectPowModifier": "0",
        "description": "Deal Beta damage to all foes"
    },
    {
        "name": "Gamma Slash",
        "stance": "2",
        "cost": "50",
        "targetAllies": "0",
        "targetAll": "1",
        "powModifier": "1",
        "effect": "0",
        "effectDuration": "0",
        "effectPowModifier": "0",
        "description": "Deal Gamma damage to all foes"
    },
    {
        "name": "Alpha Crack",
        "stance": "0",
        "cost": "30",
        "targetAllies": "0",
        "targetAll": "0",
        "powModifier": "0.75",
        "effect": "25",
        "effectDuration": "3",
        "effectPowModifier": "0",
        "description": "Deal Alpha damage to an enemy and debuff their defense"
    },
    {
        "name": "Beta Crack",
        "stance": "1",
        "cost": "30",
        "targetAllies": "0",
        "targetAll": "0",
        "powModifier": "0.75",
        "effect": "25",
        "effectDuration": "3",
        "effectPowModifier": "0",
        "description": "Deal Beta damage to an enemy and debuff their defense"
    },
    {
        "name": "Gamma Crack",
        "stance": "2",
        "cost": "30",
        "targetAllies": "0",
        "targetAll": "0",
        "powModifier": "0.75",
        "effect": "25",
        "effectDuration": "3",
        "effectPowModifier": "0",
        "description": "Deal Gamma damage to an enemy and debuff their defense"
    },
    {
        "name": "Exhaust A",
        "stance": "0",
        "cost": "30",
        "targetAllies": "0",
        "targetAll": "0",
        "powModifier": "0",
        "effect": "1",
        "effectDuration": "0",
        "effectPowModifier": "0.75",
        "description": "Reduce enemy stamina"
    },
    {
        "name": "Exhaust B",
        "stance": "1",
        "cost": "30",
        "targetAllies": "0",
        "targetAll": "0",
        "powModifier": "0",
        "effect": "1",
        "effectDuration": "0",
        "effectPowModifier": "0.75",
        "description": "Reduce enemy stamina"
    },
    {
        "name": "Exhaust G",
        "stance": "2",
        "cost": "30",
        "targetAllies": "0",
        "targetAll": "0",
        "powModifier": "0",
        "effect": "1",
        "effectDuration": "0",
        "effectPowModifier": "0.75",
        "description": "Reduce enemy stamina"
    },
    {
        "name": "Drain A",
        "stance": "0",
        "cost": "10",
        "targetAllies": "0",
        "targetAll": "0",
        "powModifier": "0",
        "effect": "3",
        "effectDuration": "0",
        "effectPowModifier": "0.5",
        "description": "Steal enemy stamina"
    },
    {
        "name": "Drain B",
        "stance": "1",
        "cost": "10",
        "targetAllies": "0",
        "targetAll": "0",
        "powModifier": "0",
        "effect": "3",
        "effectDuration": "0",
        "effectPowModifier": "0.5",
        "description": "Steal enemy stamina"
    },
    {
        "name": "Drain G",
        "stance": "2",
        "cost": "10",
        "targetAllies": "0",
        "targetAll": "0",
        "powModifier": "0",
        "effect": "3",
        "effectDuration": "0",
        "effectPowModifier": "0.5",
        "description": "Steal enemy stamina"
    },
    {
        "name": "Alpha Stagger",
        "stance": "0",
        "cost": "50",
        "targetAllies": "0",
        "targetAll": "0",
        "powModifier": "2",
        "effect": "1",
        "effectDuration": "0",
        "effectPowModifier": "0.5",
        "description": "Deal Alpha damage and reduce stamina"
    },
    {
        "name": "Beta Stagger",
        "stance": "1",
        "cost": "50",
        "targetAllies": "0",
        "targetAll": "0",
        "powModifier": "2",
        "effect": "1",
        "effectDuration": "0",
        "effectPowModifier": "0.5",
        "description": "Deal Beta damage and reduce stamina"
    },
    {
        "name": "Gamma Stagger",
        "stance": "2",
        "cost": "50",
        "targetAllies": "0",
        "targetAll": "0",
        "powModifier": "2",
        "effect": "1",
        "effectDuration": "0",
        "effectPowModifier": "0.5",
        "description": "Deal Gamma damage and reduce stamina"
    },
    {
        "name": "Crit Push A",
        "stance": "0",
        "cost": "30",
        "targetAllies": "1",
        "targetAll": "0",
        "powModifier": "0",
        "effect": "16",
        "effectDuration": "0",
        "effectPowModifier": "0",
        "description": "Increment critical track"
    },
    {
        "name": "Crit Push B",
        "stance": "1",
        "cost": "30",
        "targetAllies": "1",
        "targetAll": "0",
        "powModifier": "0",
        "effect": "16",
        "effectDuration": "0",
        "effectPowModifier": "0",
        "description": "Increment critical track"
    },
    {
        "name": "Crit Push G",
        "stance": "2",
        "cost": "30",
        "targetAllies": "1",
        "targetAll": "0",
        "powModifier": "0",
        "effect": "16",
        "effectDuration": "0",
        "effectPowModifier": "0",
        "description": "Increment critical track"
    },
    {
        "name": "Crit Pull A",
        "stance": "0",
        "cost": "20",
        "targetAllies": "1",
        "targetAll": "0",
        "powModifier": "0",
        "effect": "17",
        "effectDuration": "0",
        "effectPowModifier": "0",
        "description": "Decrement critical track"
    },
    {
        "name": "Crit Pull B",
        "stance": "1",
        "cost": "20",
        "targetAllies": "1",
        "targetAll": "0",
        "powModifier": "0",
        "effect": "17",
        "effectDuration": "0",
        "effectPowModifier": "0",
        "description": "Decrement critical track"
    },
    {
        "name": "Crit Pull G",
        "stance": "2",
        "cost": "20",
        "targetAllies": "1",
        "targetAll": "0",
        "powModifier": "0",
        "effect": "17",
        "effectDuration": "0",
        "effectPowModifier": "0",
        "description": "Decrement critical track"
    },
    {
        "name": "Power Up A",
        "stance": "0",
        "cost": "20",
        "targetAllies": "1",
        "targetAll": "0",
        "powModifier": "0",
        "effect": "21",
        "effectDuration": "3",
        "effectPowModifier": "0",
        "description": "Increase attack power"
    },
    {
        "name": "Power Up B",
        "stance": "1",
        "cost": "20",
        "targetAllies": "1",
        "targetAll": "0",
        "powModifier": "0",
        "effect": "21",
        "effectDuration": "3",
        "effectPowModifier": "0",
        "description": "Increase attack power"
    },
    {
        "name": "Power Up G",
        "stance": "2",
        "cost": "20",
        "targetAllies": "1",
        "targetAll": "0",
        "powModifier": "0",
        "effect": "21",
        "effectDuration": "3",
        "effectPowModifier": "0",
        "description": "Increase attack power"
    },
    {
        "name": "Alpha Venom",
        "stance": "0",
        "cost": "30",
        "targetAllies": "0",
        "targetAll": "0",
        "powModifier": "0.75",
        "effect": "13",
        "effectDuration": "3",
        "effectPowModifier": "0",
        "description": "Inflict Alpha damage and poison"
    },
    {
        "name": "Beta Venom",
        "stance": "1",
        "cost": "30",
        "targetAllies": "0",
        "targetAll": "0",
        "powModifier": "0.75",
        "effect": "14",
        "effectDuration": "3",
        "effectPowModifier": "0",
        "description": "Inflict Beta damage and poison"
    },
    {
        "name": "Gamma Venom",
        "stance": "2",
        "cost": "30",
        "targetAllies": "0",
        "targetAll": "0",
        "powModifier": "0.75",
        "effect": "15",
        "effectDuration": "3",
        "effectPowModifier": "0",
        "description": "Inflict Gamma damage and poison"
    },
    {
        "name": "Atrophy A",
        "stance": "0",
        "cost": "30",
        "targetAllies": "0",
        "targetAll": "0",
        "powModifier": "0",
        "effect": "24",
        "effectDuration": "3",
        "effectPowModifier": "0",
        "description": "Decrease attack power"
    },
    {
        "name": "Atrophy B",
        "stance": "1",
        "cost": "30",
        "targetAllies": "0",
        "targetAll": "0",
        "powModifier": "0",
        "effect": "24",
        "effectDuration": "3",
        "effectPowModifier": "0",
        "description": "Decrease attack power"
    },
    {
        "name": "Atrophy G",
        "stance": "2",
        "cost": "30",
        "targetAllies": "0",
        "targetAll": "0",
        "powModifier": "0",
        "effect": "24",
        "effectDuration": "3",
        "effectPowModifier": "0",
        "description": "Decrease attack power"
    },
    {
        "name": "Accelerate A",
        "stance": "0",
        "cost": "30",
        "targetAllies": "1",
        "targetAll": "0",
        "powModifier": "0",
        "effect": "23",
        "effectDuration": "3",
        "effectPowModifier": "0",
        "description": "Increase speed"
    },
    {
        "name": "Accelerate B",
        "stance": "1",
        "cost": "30",
        "targetAllies": "1",
        "targetAll": "0",
        "powModifier": "0",
        "effect": "23",
        "effectDuration": "3",
        "effectPowModifier": "0",
        "description": "Increase speed"
    },
    {
        "name": "Accelerate G",
        "stance": "2",
        "cost": "30",
        "targetAllies": "1",
        "targetAll": "0",
        "powModifier": "0",
        "effect": "23",
        "effectDuration": "3",
        "effectPowModifier": "0",
        "description": "Increase speed"
    },
    {
        "name": "Decelerate A",
        "stance": "0",
        "cost": "30",
        "targetAllies": "0",
        "targetAll": "0",
        "powModifier": "0",
        "effect": "26",
        "effectDuration": "3",
        "effectPowModifier": "0",
        "description": "Decrease speed"
    },
    {
        "name": "Decelerate B",
        "stance": "1",
        "cost": "30",
        "targetAllies": "0",
        "targetAll": "0",
        "powModifier": "0",
        "effect": "26",
        "effectDuration": "3",
        "effectPowModifier": "0",
        "description": "Decrease speed"
    },
    {
        "name": "Decelerate G",
        "stance": "2",
        "cost": "30",
        "targetAllies": "0",
        "targetAll": "0",
        "powModifier": "0",
        "effect": "26",
        "effectDuration": "3",
        "effectPowModifier": "0",
        "description": "Decrease speed"
    },
    {
        "name": "Disorienting Wave A",
        "stance": "0",
        "cost": "20",
        "targetAllies": "0",
        "targetAll": "1",
        "powModifier": "0",
        "effect": "12",
        "effectDuration": "0",
        "effectPowModifier": "0",
        "description": "Randomize all enemy stances"
    },
    {
        "name": "Disorienting Wave B",
        "stance": "1",
        "cost": "20",
        "targetAllies": "0",
        "targetAll": "1",
        "powModifier": "0",
        "effect": "12",
        "effectDuration": "0",
        "effectPowModifier": "0",
        "description": "Randomize all enemy stances"
    },
    {
        "name": "Disorienting Wave G",
        "stance": "2",
        "cost": "20",
        "targetAllies": "0",
        "targetAll": "1",
        "powModifier": "0",
        "effect": "12",
        "effectDuration": "0",
        "effectPowModifier": "0",
        "description": "Randomize all enemy stances"
    },
    {
        "name": "Alpha Tax",
        "stance": "0",
        "cost": "20",
        "targetAllies": "0",
        "targetAll": "0",
        "powModifier": "0",
        "effect": "6",
        "effectDuration": "3",
        "effectPowModifier": "0",
        "description": "Increase stamina cost of Alpha abilities"
    },
    {
        "name": "Beta Tax",
        "stance": "1",
        "cost": "20",
        "targetAllies": "0",
        "targetAll": "0",
        "powModifier": "0",
        "effect": "7",
        "effectDuration": "3",
        "effectPowModifier": "0",
        "description": "Increase stamina cost of Beta abilities"
    },
    {
        "name": "Gamma Tax",
        "stance": "2",
        "cost": "20",
        "targetAllies": "0",
        "targetAll": "0",
        "powModifier": "0",
        "effect": "8",
        "effectDuration": "3",
        "effectPowModifier": "0",
        "description": "Increase stamina cost of Gamma abilities"
    }
]