[
    {
        "name": "Player01",
        "maxHP": "200",
        "maxStamina": "80",
        "pow": "60",
        "def": "20",
        "spd": "3",
        "lck": "20",
        "critStartRound": "2",
        "critRoundPeriod": "3",
        "critMultiplier": "2",
        "staminaGain": "10",
        "player": "0",
        "sprite": "character_default",
        "abilitySelectFunction": "0",
        "targetSelectionFunction": "0",
        "abilities": "Alpha Strike;Beta Strike;Alpha Blast;Beta Poison",
        "defaultStance": "0",
        "description": "Test Unit A/B"
    },
    {
        "name": "Player02",
        "maxHP": "200",
        "maxStamina": "80",
        "pow": "60",
        "def": "20",
        "spd": "3",
        "lck": "20",
        "critStartRound": "2",
        "critRoundPeriod": "3",
        "critMultiplier": "2",
        "staminaGain": "10",
        "player": "0",
        "sprite": "character_default",
        "abilitySelectFunction": "0",
        "targetSelectionFunction": "0",
        "abilities": "Gamma Strike;Beta Strike; Beta Blast; Gamma Poison",
        "defaultStance": "1",
        "description": "Test Unit B/G"
    },
    {
        "name": "Player03",
        "maxHP": "200",
        "maxStamina": "80",
        "pow": "60",
        "def": "20",
        "spd": "3",
        "lck": "20",
        "critStartRound": "2",
        "critRoundPeriod": "3",
        "critMultiplier": "2",
        "staminaGain": "10",
        "player": "0",
        "sprite": "character_default",
        "abilitySelectFunction": "0",
        "targetSelectionFunction": "0",
        "abilities": "Alpha Strike;Gamma Strike;Gamma Blast;Alpha Poison",
        "defaultStance": "2",
        "description": "Test Unit A/G"
    },
    {
        "name": "Gator",
        "maxHP": "450",
        "maxStamina": "80",
        "pow": "80",
        "def": "20",
        "spd": "3",
        "lck": "20",
        "critStartRound": "0",
        "critRoundPeriod": "0",
        "critMultiplier": "0",
        "staminaGain": "10",
        "player": "0",
        "sprite": "character_gator",
        "abilitySelectFunction": "2",
        "targetSelectionFunction": "1",
        "abilities": "Alpha Strike;Beta Strike",
        "defaultStance": "0",
        "description": "Test Mook Enemy"
    },
    {
        "name": "Shark",
        "maxHP": "450",
        "maxStamina": "80",
        "pow": "100",
        "def": "20",
        "spd": "2",
        "lck": "30",
        "critStartRound": "0",
        "critRoundPeriod": "0",
        "critMultiplier": "0",
        "staminaGain": "10",
        "player": "0",
        "sprite": "character_shark",
        "abilitySelectFunction": "2",
        "targetSelectionFunction": "1",
        "abilities": "Alpha Strike;Beta Strike",
        "defaultStance": "1",
        "description": "Test Mook Enemy"
    },
    {
        "name": "Seahorse",
        "maxHP": "450",
        "maxStamina": "80",
        "pow": "80",
        "def": "20",
        "spd": "3",
        "lck": "20",
        "critStartRound": "0",
        "critRoundPeriod": "0",
        "critMultiplier": "0",
        "staminaGain": "10",
        "player": "0",
        "sprite": "character_seahorse",
        "abilitySelectFunction": "2",
        "targetSelectionFunction": "1",
        "abilities": "Alpha Strike;Beta Strike",
        "defaultStance": "0",
        "description": "Test Mook Enemy"
    },
    {
        "name": "Avenger",
        "maxHP": "750",
        "maxStamina": "80",
        "pow": "80",
        "def": "20",
        "spd": "3",
        "lck": "20",
        "critStartRound": "0",
        "critRoundPeriod": "0",
        "critMultiplier": "0",
        "staminaGain": "10",
        "player": "0",
        "sprite": "character_ogre",
        "abilitySelectFunction": "1",
        "targetSelectionFunction": "3",
        "abilities": "Alpha Strike;Beta Strike;Gamma Strike",
        "defaultStance": "0",
        "description": "Strikes Last Unit That Struck Them"
    },
    {
        "name": "Bully",
        "maxHP": "600",
        "maxStamina": "80",
        "pow": "90",
        "def": "20",
        "spd": "2",
        "lck": "40",
        "critStartRound": "0",
        "critRoundPeriod": "0",
        "critMultiplier": "0",
        "staminaGain": "10",
        "player": "0",
        "sprite": "character_orc",
        "abilitySelectFunction": "1",
        "targetSelectionFunction": "2",
        "abilities": "Alpha Strike;Beta Strike;Gamma Strike",
        "defaultStance": "2",
        "description": "Strikes Weakest Opponent"
    },
    {
        "name": "Brawler",
        "maxHP": "200",
        "maxStamina": "80",
        "pow": "70",
        "def": "10",
        "spd": "3",
        "lck": "20",
        "critStartRound": "4",
        "critRoundPeriod": "3",
        "critMultiplier": "2",
        "staminaGain": "10",
        "player": "1",
        "sprite": "character_bat",
        "abilitySelectFunction": "0",
        "targetSelectionFunction": "0",
        "abilities": "Alpha Strike;Beta Strike;Beta Blast;Beta Slash;Alpha Crack;Alpha Wave",
        "defaultStance": "1",
        "description": "Heavy offense unit. B/A"
    },
    {
        "name": "Conduit",
        "maxHP": "200",
        "maxStamina": "60",
        "pow": "60",
        "def": "20",
        "spd": "4",
        "lck": "10",
        "critStartRound": "2",
        "critRoundPeriod": "3",
        "critMultiplier": "2",
        "staminaGain": "10",
        "player": "1",
        "sprite": "character_bear",
        "abilitySelectFunction": "0",
        "targetSelectionFunction": "0",
        "abilities": "Beta Blast;Gamma Blast;Exhaust B;Exhaust G;Drain G;Beta Stagger",
        "defaultStance": "2",
        "description": "Stamina manipulation unit. G/B"
    },
    {
        "name": "Rhythm",
        "maxHP": "240",
        "maxStamina": "80",
        "pow": "50",
        "def": "20",
        "spd": "2",
        "lck": "40",
        "critStartRound": "3",
        "critRoundPeriod": "4",
        "critMultiplier": "3",
        "staminaGain": "10",
        "player": "1",
        "sprite": "character_dog_a",
        "abilitySelectFunction": "0",
        "targetSelectionFunction": "0",
        "abilities": "Alpha Strike;Gamma Strike;Alpha Blast;Alpha Slash;Gamma Push;Crit Push G",
        "defaultStance": "0",
        "description": "Critical focused unit. A/B"
    },
    {
        "name": "Energizer",
        "maxHP": "180",
        "maxStamina": "80",
        "pow": "50",
        "def": "20",
        "spd": "3",
        "lck": "30",
        "critStartRound": "3",
        "critRoundPeriod": "2",
        "critMultiplier": "2",
        "staminaGain": "10",
        "player": "1",
        "sprite": "character_dog_b",
        "abilitySelectFunction": "0",
        "targetSelectionFunction": "0",
        "abilities": "Beta Strike;Gamma Strike;Crit Push B;Crit Pull B;Power Up G;Gamma Poison",
        "defaultStance": "1",
        "description": "Flow manipulation unit. B/G"
    },
    {
        "name": "Eroder",
        "maxHP": "180",
        "maxStamina": "90",
        "pow": "50",
        "def": "10",
        "spd": "2",
        "lck": "20",
        "critStartRound": "2",
        "critRoundPeriod": "4",
        "critMultiplier": "2",
        "staminaGain": "10",
        "player": "1",
        "sprite": "character_bull",
        "abilitySelectFunction": "0",
        "targetSelectionFunction": "0",
        "abilities": "Alpha Strike;Beta Strike;Atrophy A;Beta Venom;Accelerate B;Allied Beta Wave",
        "defaultStance": "0",
        "description": "Support unit. A/B"
    },
    {
        "name": "Saboteur",
        "maxHP": "180",
        "maxStamina": "80",
        "pow": "60",
        "def": "20",
        "spd": "3",
        "lck": "50",
        "critStartRound": "3",
        "critRoundPeriod": "3",
        "critMultiplier": "2",
        "staminaGain": "10",
        "player": "1",
        "sprite": "character_cat",
        "abilitySelectFunction": "0",
        "targetSelectionFunction": "0",
        "abilities": "Alpha Strike;Gamma Blast;Alpha Tax;Decelerate G;Disorienting Wave A;Gamma Crack",
        "defaultStance": "2",
        "description": "Enemy disruption unit. A/G"
    }
]